cell_id,sector_name,latitude,longitude,prospectivity_score,confidence_score,ore_grade_pct,exploration_priority_rank,ndvi,lst_celsius,soil_moisture_pct,elevation_m,slope_deg,iron_oxide_index,clay_alteration_index,fault_distance_km
Zone-M521,Bhandara-Nagpur Corridor (MH),21.25747,79.59389,99.8,90.8,46.5,PRIORITY-1 (Tier A),0.163,33.3,19.0,506.6,12.9,3.434,1.531,3.0
Zone-M500,Balaghat Belt (MP),22.2894,79.74558,99.8,87.4,45.9,PRIORITY-1 (Tier A),0.224,29.8,41.2,238.3,16.0,3.626,2.536,6.7
Zone-M361,Bhandara-Nagpur Corridor (MH),20.9482,79.1838,99.8,95.4,47.3,PRIORITY-1 (Tier A),0.288,35.0,17.0,236.1,15.0,2.72,2.459,2.9
Zone-M448,Balaghat Belt (MP),22.15261,79.6313,99.8,88.5,47.5,PRIORITY-1 (Tier A),0.392,30.9,33.8,588.4,7.6,2.031,2.526,5.3
Zone-M458,Keonjhar-Bonai Belt (Odisha),21.98188,84.96629,99.8,86.5,47.8,PRIORITY-1 (Tier A),0.19,28.6,27.9,477.5,21.2,3.201,1.853,13.4
Zone-M324,Balaghat Belt (MP),22.04917,80.09627,99.8,87.4,45.1,PRIORITY-1 (Tier A),0.242,40.5,41.7,582.2,13.1,3.124,1.573,10.1
Zone-M310,Keonjhar-Bonai Belt (Odisha),21.57721,85.40008,99.8,88.6,47.0,PRIORITY-1 (Tier A),0.428,39.6,42.9,548.6,13.2,3.734,2.242,10.4
Zone-M260,Balaghat Belt (MP),21.44121,79.75288,99.8,95.2,44.5,PRIORITY-1 (Tier A),0.181,29.1,24.6,585.5,4.7,3.024,2.693,12.1
Zone-M250,Keonjhar-Bonai Belt (Odisha),22.16365,85.03274,99.8,94.0,46.4,PRIORITY-1 (Tier A),0.251,40.8,36.3,292.7,17.9,3.466,1.675,12.1
Zone-M333,Bhandara-Nagpur Corridor (MH),21.12538,79.3287,99.7,92.6,45.6,PRIORITY-1 (Tier A),0.204,28.1,43.9,466.4,20.7,3.525,2.465,7.2
Zone-M113,Bhandara-Nagpur Corridor (MH),21.47404,79.87111,99.7,87.0,42.6,PRIORITY-1 (Tier A),0.151,40.6,51.0,511.2,10.8,2.533,2.289,12.6
Zone-M426,Keonjhar-Bonai Belt (Odisha),21.37923,85.01236,99.2,87.0,47.2,PRIORITY-1 (Tier A),0.37,38.6,27.5,408.9,8.2,3.851,2.168,13.1
Zone-M345,Bhandara-Nagpur Corridor (MH),21.44936,79.78884,99.1,96.4,43.9,PRIORITY-1 (Tier A),0.37,34.2,43.3,399.0,8.6,3.053,2.592,13.1
Zone-M320,Balaghat Belt (MP),21.94674,79.64941,99.1,89.1,45.0,PRIORITY-1 (Tier A),0.125,36.2,25.1,427.1,23.2,2.638,2.46,3.3
Zone-M202,Keonjhar-Bonai Belt (Odisha),22.1991,84.1415,99.0,85.7,47.4,PRIORITY-1 (Tier A),0.13,32.3,43.2,312.9,17.5,3.837,1.341,9.7
Zone-M413,Bhandara-Nagpur Corridor (MH),21.31503,79.67892,98.9,84.6,46.0,PRIORITY-1 (Tier A),0.432,39.8,26.9,255.5,7.4,2.067,1.385,7.6
Zone-M196,Balaghat Belt (MP),21.88856,80.59884,98.6,90.1,47.8,PRIORITY-1 (Tier A),0.408,40.6,31.9,347.3,15.8,3.716,1.516,9.0
Zone-M240,Balaghat Belt (MP),21.45153,80.92164,98.4,85.5,45.7,PRIORITY-1 (Tier A),0.255,39.8,30.4,483.1,15.8,2.187,1.743,5.2
Zone-M484,Balaghat Belt (MP),22.31228,80.04108,97.9,91.2,46.8,PRIORITY-1 (Tier A),0.233,39.3,24.5,323.2,14.1,2.348,1.214,9.4
Zone-M425,Bhandara-Nagpur Corridor (MH),21.10565,80.06976,97.7,92.5,45.1,PRIORITY-1 (Tier A),0.427,42.0,43.8,352.1,21.6,1.903,1.547,12.6
Zone-M532,Balaghat Belt (MP),21.39593,80.07889,97.4,85.3,44.9,PRIORITY-1 (Tier A),0.287,39.4,52.4,456.2,23.0,2.925,1.791,12.0
Zone-M176,Balaghat Belt (MP),21.65407,80.76135,97.4,87.0,47.4,PRIORITY-1 (Tier A),0.156,33.0,26.5,356.3,8.7,1.888,1.227,13.8
Zone-M456,Balaghat Belt (MP),21.39722,80.2489,97.0,93.1,43.3,PRIORITY-1 (Tier A),0.374,41.7,37.9,377.2,17.0,1.944,2.546,2.4
Zone-M100,Balaghat Belt (MP),21.98385,80.12469,96.7,86.0,43.2,PRIORITY-1 (Tier A),0.171,28.8,49.6,496.5,18.2,1.843,2.655,11.8
Zone-M540,Balaghat Belt (MP),22.22355,81.11746,96.5,85.7,44.2,PRIORITY-1 (Tier A),0.396,30.2,27.0,334.5,11.4,2.335,1.933,6.2
Zone-M396,Balaghat Belt (MP),21.4893,80.72218,96.1,96.0,45.5,PRIORITY-1 (Tier A),0.307,35.2,18.4,472.5,11.6,3.075,1.783,4.0
Zone-M156,Balaghat Belt (MP),22.11436,80.72226,95.9,87.1,42.1,PRIORITY-1 (Tier A),0.234,30.5,51.3,488.4,12.0,2.77,2.621,2.8
Zone-M434,Keonjhar-Bonai Belt (Odisha),22.16991,85.21091,95.7,87.4,42.8,PRIORITY-1 (Tier A),0.202,41.2,26.9,576.7,11.9,2.092,1.216,8.0
Zone-M478,Keonjhar-Bonai Belt (Odisha),21.74582,85.42279,95.6,96.3,46.2,PRIORITY-1 (Tier A),0.137,29.4,43.8,349.6,7.7,1.883,1.233,11.0
Zone-M482,Keonjhar-Bonai Belt (Odisha),21.77047,85.52333,95.4,93.2,46.4,PRIORITY-1 (Tier A),0.448,32.0,36.5,465.3,12.1,2.155,2.666,12.1
Zone-M377,Bhandara-Nagpur Corridor (MH),21.25314,79.54251,95.3,89.0,42.7,PRIORITY-1 (Tier A),0.368,35.4,42.1,417.1,18.6,3.531,1.42,11.8
Zone-M309,Bhandara-Nagpur Corridor (MH),20.9485,79.746,95.2,86.1,44.6,PRIORITY-1 (Tier A),0.378,36.2,53.1,239.5,9.3,3.063,1.645,10.2
Zone-M542,Keonjhar-Bonai Belt (Odisha),21.44338,85.68713,94.7,93.8,42.5,PRIORITY-1 (Tier A),0.429,37.7,21.2,332.0,20.8,2.24,1.309,10.1
Zone-M213,Bhandara-Nagpur Corridor (MH),21.02669,79.84049,94.7,90.8,42.0,PRIORITY-1 (Tier A),0.197,33.5,38.8,448.5,23.8,2.087,2.243,6.1
Zone-M182,Keonjhar-Bonai Belt (Odisha),22.11922,85.50291,94.6,91.7,42.8,PRIORITY-1 (Tier A),0.368,30.2,50.2,621.0,4.6,3.534,1.393,5.2
Zone-M312,Balaghat Belt (MP),21.4279,80.02516,94.5,88.8,43.4,PRIORITY-1 (Tier A),0.128,39.7,15.5,543.7,23.4,2.719,1.552,10.1
Zone-M284,Balaghat Belt (MP),21.81042,79.85316,94.5,84.6,43.2,PRIORITY-1 (Tier A),0.144,33.6,26.8,326.9,9.6,3.487,2.594,6.1
Zone-M128,Balaghat Belt (MP),21.80268,80.22693,94.2,88.3,46.0,PRIORITY-1 (Tier A),0.427,40.0,32.2,565.4,19.1,2.017,2.554,7.5
Zone-M504,Balaghat Belt (MP),21.60699,79.71743,94.2,96.0,44.1,PRIORITY-1 (Tier A),0.327,30.6,19.2,593.9,15.6,3.098,2.372,10.1
Zone-M172,Balaghat Belt (MP),22.00593,80.61231,94.2,87.1,44.0,PRIORITY-1 (Tier A),0.282,31.1,54.5,654.3,4.8,3.282,2.588,3.2
Zone-M313,Bhandara-Nagpur Corridor (MH),21.20183,80.20425,94.0,94.8,44.7,PRIORITY-1 (Tier A),0.179,39.2,37.1,402.4,6.6,3.617,1.436,4.9
Zone-M130,Keonjhar-Bonai Belt (Odisha),21.29729,84.81432,93.9,93.9,43.2,PRIORITY-1 (Tier A),0.381,29.3,34.8,246.5,15.0,2.727,2.532,5.4
Zone-M242,Keonjhar-Bonai Belt (Odisha),21.73762,86.0089,93.7,93.6,45.5,PRIORITY-1 (Tier A),0.172,36.5,20.4,565.6,17.1,3.809,1.303,1.6
Zone-M208,Balaghat Belt (MP),22.2945,80.40556,93.6,95.9,42.9,PRIORITY-1 (Tier A),0.126,30.7,15.3,517.8,22.0,2.311,2.591,1.6
Zone-M256,Balaghat Belt (MP),22.11495,79.64161,93.5,87.8,40.8,PRIORITY-1 (Tier A),0.19,28.5,27.2,520.5,22.8,3.63,2.349,11.2
Zone-M132,Balaghat Belt (MP),21.55854,80.09462,93.4,89.3,41.6,PRIORITY-1 (Tier A),0.419,29.6,34.7,225.2,13.4,1.918,1.378,2.4
Zone-M416,Balaghat Belt (MP),21.7459,80.03733,93.2,96.4,45.6,PRIORITY-1 (Tier A),0.199,40.2,48.2,323.3,12.0,2.66,2.667,3.2
Zone-M184,Balaghat Belt (MP),21.70228,80.26766,93.2,96.0,41.4,PRIORITY-1 (Tier A),0.233,36.9,52.3,267.2,22.7,3.245,1.302,4.8
Zone-M520,Balaghat Belt (MP),21.10393,79.04707,92.7,94.0,43.9,PRIORITY-1 (Tier A),0.269,38.1,38.4,446.5,7.8,2.774,1.569,12.9
Zone-M228,Balaghat Belt (MP),22.56506,79.93771,92.7,92.0,43.6,PRIORITY-1 (Tier A),0.323,28.9,35.7,289.1,18.7,2.876,2.22,1.4
Zone-M492,Balaghat Belt (MP),22.04848,79.71852,92.5,86.0,43.6,PRIORITY-1 (Tier A),0.368,36.0,26.0,438.2,10.7,3.017,2.534,8.3
Zone-M178,Keonjhar-Bonai Belt (Odisha),21.8249,85.49698,92.4,86.9,39.3,PRIORITY-1 (Tier A),0.178,31.1,22.5,578.6,11.0,1.921,2.654,12.5
Zone-M314,Keonjhar-Bonai Belt (Odisha),22.06207,85.14319,92.3,87.1,42.8,PRIORITY-1 (Tier A),0.326,36.0,48.3,636.8,4.2,3.215,1.278,8.0
Zone-M248,Balaghat Belt (MP),21.64104,79.79867,92.2,86.6,40.8,PRIORITY-1 (Tier A),0.41,40.3,49.8,329.8,13.0,3.868,2.358,1.2
Zone-M265,Bhandara-Nagpur Corridor (MH),21.48703,79.40744,92.1,87.7,38.7,PRIORITY-1 (Tier A),0.427,33.6,18.5,503.9,6.3,2.525,1.961,12.3
Zone-M308,Balaghat Belt (MP),21.20597,79.90897,91.9,94.2,45.6,PRIORITY-1 (Tier A),0.18,33.2,51.1,591.1,23.7,3.384,1.79,8.6
Zone-M214,Keonjhar-Bonai Belt (Odisha),22.50497,85.07856,91.7,87.4,40.6,PRIORITY-1 (Tier A),0.146,29.2,50.8,308.3,10.5,2.276,1.732,1.7
Zone-M389,Bhandara-Nagpur Corridor (MH),21.43697,79.87799,91.7,84.2,43.1,PRIORITY-1 (Tier A),0.39,28.6,50.6,676.3,9.9,2.242,2.348,4.1
Zone-M408,Balaghat Belt (MP),21.96259,79.1671,91.5,92.4,43.3,PRIORITY-1 (Tier A),0.279,39.3,53.0,230.2,23.7,1.981,2.422,4.5
Zone-M337,Bhandara-Nagpur Corridor (MH),21.22593,80.28546,91.5,93.4,42.8,PRIORITY-1 (Tier A),0.385,35.3,20.6,528.7,16.4,3.359,1.455,3.4
Zone-M546,Keonjhar-Bonai Belt (Odisha),22.49868,85.4221,91.0,86.1,40.6,PRIORITY-1 (Tier A),0.383,38.1,18.4,433.4,7.5,2.509,1.227,6.1
Zone-M384,Balaghat Belt (MP),21.77127,79.82134,91.0,85.0,44.0,PRIORITY-1 (Tier A),0.19,38.5,17.1,446.6,12.8,2.502,1.792,7.8
Zone-M232,Balaghat Belt (MP),21.73256,80.06927,90.7,87.6,41.6,PRIORITY-1 (Tier A),0.389,40.1,48.9,642.7,9.0,3.386,1.891,11.9
Zone-M244,Balaghat Belt (MP),20.96152,80.53362,90.4,84.3,43.6,PRIORITY-1 (Tier A),0.339,41.5,37.4,650.9,5.0,2.679,1.59,10.4
Zone-M290,Keonjhar-Bonai Belt (Odisha),21.47206,85.17357,90.4,84.6,40.8,PRIORITY-1 (Tier A),0.239,41.4,35.0,419.1,13.2,2.239,1.753,5.7
Zone-M218,Keonjhar-Bonai Belt (Odisha),21.81009,85.23901,90.3,84.5,41.2,PRIORITY-1 (Tier A),0.22,31.7,29.4,260.3,22.7,2.963,1.658,6.0
Zone-M348,Balaghat Belt (MP),22.35396,80.52159,90.3,96.0,42.1,PRIORITY-1 (Tier A),0.297,34.8,31.1,290.7,15.5,2.382,2.582,8.5
Zone-M110,Keonjhar-Bonai Belt (Odisha),20.88655,85.28939,90.2,84.6,38.3,PRIORITY-1 (Tier A),0.212,40.7,24.6,286.7,13.8,3.87,1.563,9.7
Zone-M262,Keonjhar-Bonai Belt (Odisha),21.45567,84.56775,90.1,95.2,40.3,PRIORITY-1 (Tier A),0.266,36.5,40.3,492.2,18.1,2.299,1.969,2.2
Zone-M281,Bhandara-Nagpur Corridor (MH),21.76626,79.54861,90.1,85.7,40.8,PRIORITY-1 (Tier A),0.219,33.0,47.2,348.2,8.2,3.811,1.213,14.0
Zone-M527,Sandur Basin (Karnataka),15.11792,76.13784,89.9,84.2,40.9,PRIORITY-1 (Tier A),0.437,28.6,20.7,226.4,15.3,3.758,2.199,11.7
Zone-M254,Keonjhar-Bonai Belt (Odisha),21.30031,85.09809,89.9,85.3,41.8,PRIORITY-1 (Tier A),0.199,30.0,28.9,427.2,19.0,3.167,2.131,5.5
Zone-M200,Balaghat Belt (MP),21.69743,81.0107,89.9,91.3,42.0,PRIORITY-1 (Tier A),0.407,30.9,19.5,344.1,5.1,2.915,2.605,1.3
Zone-M369,Bhandara-Nagpur Corridor (MH),21.05126,79.95037,89.7,95.6,40.3,PRIORITY-1 (Tier A),0.391,35.9,41.3,633.3,12.0,2.486,1.216,11.7
Zone-M344,Balaghat Belt (MP),21.92685,80.75255,89.5,86.9,45.1,PRIORITY-1 (Tier A),0.125,38.7,39.9,570.7,4.8,3.558,2.129,8.2
Zone-M234,Keonjhar-Bonai Belt (Odisha),22.30723,85.30851,89.5,91.4,39.4,PRIORITY-1 (Tier A),0.288,32.2,37.6,536.9,21.5,3.136,2.342,2.9
Zone-M296,Balaghat Belt (MP),21.77386,79.52272,89.5,84.7,39.5,PRIORITY-1 (Tier A),0.436,41.2,46.4,676.0,14.9,3.822,1.313,5.6
Zone-M450,Keonjhar-Bonai Belt (Odisha),21.58266,85.00862,89.4,95.1,39.4,PRIORITY-1 (Tier A),0.303,35.5,22.8,296.5,22.3,2.488,1.758,10.8
Zone-M346,Keonjhar-Bonai Belt (Odisha),21.91544,84.45999,89.3,91.4,40.8,PRIORITY-1 (Tier A),0.138,34.4,42.0,531.7,11.5,3.778,1.451,7.4
Zone-M548,Balaghat Belt (MP),22.15394,79.61997,89.3,84.8,42.9,PRIORITY-1 (Tier A),0.301,36.3,41.1,337.6,11.3,3.572,1.492,11.7
Zone-M422,Keonjhar-Bonai Belt (Odisha),20.76454,85.77784,89.1,86.5,42.3,PRIORITY-1 (Tier A),0.127,40.1,38.1,629.7,15.9,3.501,1.845,10.7
Zone-M372,Balaghat Belt (MP),22.18894,79.99155,88.9,88.4,39.8,PRIORITY-1 (Tier A),0.24,39.3,28.1,316.2,5.7,2.78,1.923,11.9
Zone-M298,Keonjhar-Bonai Belt (Odisha),21.64469,85.48654,88.8,92.8,42.4,PRIORITY-1 (Tier A),0.141,30.1,15.3,510.2,13.0,2.082,2.637,7.8
Zone-M282,Keonjhar-Bonai Belt (Odisha),22.17891,85.50523,88.7,93.3,41.3,PRIORITY-1 (Tier A),0.167,38.5,45.8,522.9,19.3,3.576,2.12,2.0
Zone-M460,Balaghat Belt (MP),21.93165,80.21468,88.7,93.5,41.9,PRIORITY-1 (Tier A),0.315,30.7,41.7,506.8,16.0,2.829,1.993,5.2
Zone-M526,Keonjhar-Bonai Belt (Odisha),22.38312,85.10635,88.7,95.3,42.3,PRIORITY-1 (Tier A),0.149,41.1,48.0,584.0,8.0,3.491,2.475,4.6
Zone-M498,Keonjhar-Bonai Belt (Odisha),22.23603,85.67712,88.7,92.1,40.2,PRIORITY-1 (Tier A),0.162,37.1,54.3,639.4,12.8,1.884,1.743,11.7
Zone-M180,Balaghat Belt (MP),21.59552,80.02492,88.6,92.2,41.5,PRIORITY-1 (Tier A),0.302,29.2,31.3,391.4,9.2,3.319,1.944,1.9
Zone-M406,Keonjhar-Bonai Belt (Odisha),21.3827,85.33126,88.5,89.0,41.9,PRIORITY-1 (Tier A),0.218,30.0,21.1,419.1,15.9,1.969,2.609,10.8
Zone-M317,Bhandara-Nagpur Corridor (MH),20.71494,79.68254,88.5,92.8,43.3,PRIORITY-1 (Tier A),0.26,32.9,30.9,341.6,8.1,2.814,1.603,4.6
Zone-M420,Balaghat Belt (MP),21.9258,80.7604,88.5,91.1,44.2,PRIORITY-1 (Tier A),0.383,38.3,39.4,444.6,6.7,2.349,1.829,8.7
Zone-M501,Bhandara-Nagpur Corridor (MH),20.88315,79.61757,88.2,87.1,41.0,PRIORITY-1 (Tier A),0.259,39.7,50.1,331.9,15.0,2.204,1.353,12.8
Zone-M188,Balaghat Belt (MP),21.37196,80.75751,88.2,96.1,39.9,PRIORITY-1 (Tier A),0.181,40.2,46.1,574.6,20.9,3.398,2.139,2.5
Zone-M470,Keonjhar-Bonai Belt (Odisha),22.34003,85.21027,88.2,88.8,41.9,PRIORITY-1 (Tier A),0.394,29.9,52.4,565.7,22.8,3.221,1.745,13.2
Zone-M105,Bhandara-Nagpur Corridor (MH),21.32628,80.02285,88.1,84.9,40.5,PRIORITY-1 (Tier A),0.238,29.6,49.5,506.7,10.6,1.933,1.666,5.1
Zone-M494,Keonjhar-Bonai Belt (Odisha),21.85217,85.17037,88.1,85.4,40.7,PRIORITY-1 (Tier A),0.332,39.7,38.1,517.3,13.2,2.91,1.252,9.2
Zone-M506,Keonjhar-Bonai Belt (Odisha),21.93931,85.06883,88.1,85.8,42.0,PRIORITY-1 (Tier A),0.333,31.3,21.3,534.4,15.9,3.385,1.664,6.7
Zone-M316,Balaghat Belt (MP),21.75544,79.96069,88.0,92.4,41.0,PRIORITY-1 (Tier A),0.329,30.8,31.7,565.4,6.0,2.383,1.614,6.5
Zone-M533,Bhandara-Nagpur Corridor (MH),20.092,79.30647,87.9,94.4,41.9,PRIORITY-1 (Tier A),0.253,32.7,34.7,483.5,8.8,3.467,1.93,5.2
Zone-M170,Keonjhar-Bonai Belt (Odisha),22.90204,85.26158,87.8,85.3,43.2,PRIORITY-1 (Tier A),0.145,38.2,34.8,536.7,12.7,2.317,2.429,11.4
Zone-M410,Keonjhar-Bonai Belt (Odisha),20.95079,85.72558,87.7,94.3,39.1,PRIORITY-1 (Tier A),0.328,39.0,38.9,410.5,23.2,2.936,2.108,3.7
Zone-M140,Balaghat Belt (MP),21.47228,80.45442,87.5,88.9,45.0,PRIORITY-1 (Tier A),0.264,40.7,28.9,456.4,19.7,2.633,2.133,12.2
Zone-M280,Balaghat Belt (MP),21.74093,80.11949,87.2,94.6,39.4,PRIORITY-1 (Tier A),0.415,28.9,50.3,426.2,14.2,3.116,2.59,1.1
Zone-M516,Balaghat Belt (MP),21.80716,80.24324,87.1,94.0,39.0,PRIORITY-1 (Tier A),0.316,40.4,31.4,498.0,16.6,2.677,1.416,2.0
Zone-M148,Balaghat Belt (MP),21.82698,79.84762,86.9,85.4,41.5,PRIORITY-1 (Tier A),0.251,41.6,49.6,595.9,9.2,2.159,2.203,13.1
Zone-M496,Balaghat Belt (MP),21.91335,79.8694,86.7,91.8,41.0,PRIORITY-1 (Tier A),0.145,29.6,17.0,338.4,6.7,2.346,1.778,13.2
Zone-M453,Bhandara-Nagpur Corridor (MH),21.19109,79.88999,86.6,94.6,40.0,PRIORITY-1 (Tier A),0.25,28.7,31.1,529.9,13.0,3.373,1.735,9.2
Zone-M246,Keonjhar-Bonai Belt (Odisha),21.29288,85.32467,86.6,84.8,39.9,PRIORITY-1 (Tier A),0.354,35.6,18.3,430.8,13.7,2.148,2.619,12.0
Zone-M341,Bhandara-Nagpur Corridor (MH),21.47424,79.87561,86.4,86.3,39.7,PRIORITY-1 (Tier A),0.149,37.8,29.7,418.9,4.6,2.345,1.251,12.4
Zone-M271,Sandur Basin (Karnataka),14.5293,76.95994,86.4,92.6,39.6,PRIORITY-1 (Tier A),0.244,30.3,32.2,285.6,21.8,2.526,1.432,1.1
Zone-M536,Balaghat Belt (MP),22.04081,79.85842,86.4,88.4,41.6,PRIORITY-1 (Tier A),0.358,32.5,51.2,278.3,7.6,2.835,1.323,3.4
Zone-M302,Keonjhar-Bonai Belt (Odisha),21.18732,85.54181,86.3,93.1,42.0,PRIORITY-1 (Tier A),0.151,34.0,16.2,441.2,17.2,2.049,1.633,6.1
Zone-M390,Keonjhar-Bonai Belt (Odisha),22.15518,85.48049,86.3,91.4,43.3,PRIORITY-1 (Tier A),0.319,37.6,38.0,417.4,9.5,3.414,1.539,9.9
Zone-M354,Keonjhar-Bonai Belt (Odisha),21.71373,84.96678,86.3,84.7,42.1,PRIORITY-1 (Tier A),0.258,34.4,44.0,484.2,17.3,3.432,2.493,4.9
Zone-M289,Bhandara-Nagpur Corridor (MH),21.11902,80.48231,86.2,92.8,43.6,PRIORITY-1 (Tier A),0.121,30.3,43.5,526.5,23.3,3.398,2.626,10.1
Zone-M152,Balaghat Belt (MP),22.21872,80.28177,86.1,86.5,41.8,PRIORITY-1 (Tier A),0.174,30.3,47.6,526.0,14.5,2.554,2.516,6.0
Zone-M204,Balaghat Belt (MP),22.19693,80.65481,86.0,88.9,43.1,PRIORITY-1 (Tier A),0.335,29.5,41.3,679.7,5.0,3.852,1.81,12.3
Zone-M486,Keonjhar-Bonai Belt (Odisha),22.19893,85.18528,85.8,96.1,41.4,PRIORITY-1 (Tier A),0.266,32.5,36.0,536.4,9.5,3.347,1.277,1.5
Zone-M146,Keonjhar-Bonai Belt (Odisha),22.50921,85.65266,85.6,85.1,38.0,PRIORITY-1 (Tier A),0.297,36.2,44.8,418.6,6.6,2.396,1.745,9.3
Zone-M368,Balaghat Belt (MP),22.23808,80.07646,85.6,90.6,41.8,PRIORITY-1 (Tier A),0.215,34.9,27.0,494.2,12.7,2.145,1.375,8.0
Zone-M350,Keonjhar-Bonai Belt (Odisha),22.15291,85.04737,85.5,96.2,39.1,PRIORITY-1 (Tier A),0.273,39.9,17.5,374.2,5.3,3.848,2.425,12.1
Zone-M306,Keonjhar-Bonai Belt (Odisha),20.5781,85.37958,85.5,88.2,40.0,PRIORITY-1 (Tier A),0.349,38.8,41.2,289.7,21.5,2.932,1.624,6.4
Zone-M385,Bhandara-Nagpur Corridor (MH),21.22069,79.15185,85.3,85.9,39.2,PRIORITY-1 (Tier A),0.169,31.8,29.4,407.9,17.6,1.919,1.252,6.0
Zone-M116,Balaghat Belt (MP),21.49867,79.85368,85.2,95.2,39.9,PRIORITY-1 (Tier A),0.328,39.1,35.1,485.4,13.9,2.21,2.284,4.5
Zone-M160,Balaghat Belt (MP),20.86609,80.15828,85.1,91.3,39.2,PRIORITY-1 (Tier A),0.329,28.2,41.5,301.9,23.2,2.112,1.822,1.9
Zone-M274,Keonjhar-Bonai Belt (Odisha),22.00241,85.18181,85.1,91.5,41.1,PRIORITY-1 (Tier A),0.393,41.8,26.5,662.1,11.8,2.61,1.711,7.9
Zone-M472,Balaghat Belt (MP),22.28288,80.53448,84.9,94.0,40.0,PRIORITY-1 (Tier A),0.263,40.2,22.2,655.9,8.4,2.485,2.334,6.0
Zone-M466,Keonjhar-Bonai Belt (Odisha),21.73996,85.02445,84.8,90.8,38.9,PRIORITY-1 (Tier A),0.202,32.8,49.1,477.2,14.3,2.009,1.224,13.5
Zone-M432,Balaghat Belt (MP),21.78736,80.20915,84.6,89.9,40.6,PRIORITY-1 (Tier A),0.4,33.4,21.7,604.8,15.0,2.197,2.281,7.5
Zone-M261,Bhandara-Nagpur Corridor (MH),20.90519,79.66515,84.6,85.4,38.1,PRIORITY-1 (Tier A),0.151,40.7,41.8,601.5,21.6,3.001,1.976,6.5
Zone-M364,Balaghat Belt (MP),21.84211,80.2809,84.3,91.6,39.7,PRIORITY-1 (Tier A),0.344,32.4,48.9,655.7,21.7,3.352,1.616,4.5
Zone-M510,Keonjhar-Bonai Belt (Odisha),21.97537,84.94861,84.3,85.3,41.3,PRIORITY-1 (Tier A),0.378,40.7,30.3,510.1,12.6,2.719,1.666,10.9
Zone-M509,Bhandara-Nagpur Corridor (MH),20.77406,79.87749,84.3,90.7,42.6,PRIORITY-1 (Tier A),0.343,37.6,40.1,342.4,4.8,2.757,2.536,8.3
Zone-M278,Keonjhar-Bonai Belt (Odisha),21.87111,85.16272,84.2,95.8,40.8,PRIORITY-1 (Tier A),0.169,34.5,54.2,442.4,21.3,3.036,1.763,4.6
Zone-M125,Bhandara-Nagpur Corridor (MH),21.15872,80.63616,84.1,86.0,38.3,PRIORITY-1 (Tier A),0.143,37.0,16.1,489.5,22.8,3.008,1.782,9.3
Zone-M275,Sandur Basin (Karnataka),15.13499,76.1369,84.1,94.4,39.6,PRIORITY-1 (Tier A),0.265,32.2,25.4,309.5,5.2,2.519,1.605,13.6
Zone-M294,Keonjhar-Bonai Belt (Odisha),22.07192,85.58727,84.0,85.6,40.0,PRIORITY-1 (Tier A),0.126,38.8,47.3,275.3,9.3,1.837,1.64,11.0
Zone-M394,Keonjhar-Bonai Belt (Odisha),22.0374,85.72325,83.9,87.7,39.7,PRIORITY-1 (Tier A),0.12,31.8,23.7,524.4,16.7,3.046,1.224,10.4
Zone-M166,Keonjhar-Bonai Belt (Odisha),21.50479,85.45965,83.9,95.2,37.8,PRIORITY-1 (Tier A),0.384,34.0,15.9,343.6,14.8,3.13,1.587,2.6
Zone-M359,Sandur Basin (Karnataka),15.16886,76.68133,83.8,85.9,38.6,PRIORITY-1 (Tier A),0.271,32.9,18.8,443.6,22.4,1.884,1.637,3.5
Zone-M198,Keonjhar-Bonai Belt (Odisha),22.09726,84.16058,83.7,86.0,43.2,PRIORITY-1 (Tier A),0.249,41.6,25.3,522.1,10.5,3.424,1.396,13.6
Zone-M411,Sandur Basin (Karnataka),15.41088,77.22736,83.7,90.5,38.8,PRIORITY-1 (Tier A),0.195,37.3,18.2,423.2,7.3,2.187,1.503,5.9
Zone-M258,Keonjhar-Bonai Belt (Odisha),21.5091,85.26379,83.7,87.5,39.5,PRIORITY-1 (Tier A),0.403,32.1,51.4,566.8,20.1,1.838,2.644,10.4
Zone-M237,Bhandara-Nagpur Corridor (MH),20.8785,78.77047,83.6,91.4,39.2,PRIORITY-1 (Tier A),0.249,33.8,42.8,221.5,16.4,2.547,2.391,2.0
Zone-M438,Keonjhar-Bonai Belt (Odisha),21.42839,85.50851,83.5,89.4,39.4,PRIORITY-1 (Tier A),0.159,35.2,29.0,392.4,16.4,3.309,1.366,1.3
Zone-M388,Balaghat Belt (MP),22.12253,80.91185,83.5,89.8,38.4,PRIORITY-1 (Tier A),0.324,33.8,32.1,371.9,15.3,3.586,1.502,13.1
Zone-M205,Bhandara-Nagpur Corridor (MH),21.24899,80.25278,83.4,89.1,39.0,PRIORITY-1 (Tier A),0.228,37.3,47.3,570.7,20.0,2.715,2.427,2.4
Zone-M465,Bhandara-Nagpur Corridor (MH),21.20957,79.51282,83.4,92.8,37.8,PRIORITY-1 (Tier A),0.214,36.8,33.2,441.7,19.2,2.392,1.677,13.0
Zone-M304,Balaghat Belt (MP),21.815,79.79842,83.4,95.9,38.4,PRIORITY-1 (Tier A),0.312,34.1,38.2,457.7,19.2,2.393,1.73,12.6
Zone-M236,Balaghat Belt (MP),22.22882,79.93609,83.3,93.5,39.6,PRIORITY-1 (Tier A),0.132,38.4,23.1,660.7,11.4,2.487,1.423,4.8
Zone-M106,Keonjhar-Bonai Belt (Odisha),22.11564,85.8425,83.1,85.5,37.7,PRIORITY-1 (Tier A),0.355,38.7,37.5,574.6,13.9,2.898,1.841,1.1
Zone-M373,Bhandara-Nagpur Corridor (MH),20.96222,79.10344,83.1,88.8,38.7,PRIORITY-1 (Tier A),0.272,32.2,52.3,274.6,22.7,3.236,1.997,1.2
Zone-M338,Keonjhar-Bonai Belt (Odisha),21.88346,85.48527,82.9,91.5,38.9,PRIORITY-1 (Tier A),0.336,40.4,38.2,510.9,7.1,2.795,2.275,4.4
Zone-M464,Balaghat Belt (MP),21.78233,79.94835,82.8,89.3,38.1,PRIORITY-1 (Tier A),0.133,34.3,38.1,482.6,10.6,2.463,1.36,5.6
Zone-M431,Sandur Basin (Karnataka),15.04133,76.66923,82.7,94.1,37.9,PRIORITY-1 (Tier A),0.432,32.4,49.3,280.6,18.1,3.358,2.217,4.1
Zone-M430,Keonjhar-Bonai Belt (Odisha),21.95015,84.96974,82.7,88.1,38.7,PRIORITY-1 (Tier A),0.285,37.0,35.4,275.2,10.2,3.485,2.492,2.6
Zone-M325,Bhandara-Nagpur Corridor (MH),20.62308,78.79508,82.5,84.8,38.9,PRIORITY-1 (Tier A),0.392,32.1,32.8,230.1,10.0,2.856,1.284,7.3
Zone-M476,Balaghat Belt (MP),21.78886,80.63111,82.4,89.2,40.6,PRIORITY-1 (Tier A),0.41,30.9,48.1,476.5,5.1,3.841,1.969,4.6
Zone-M149,Bhandara-Nagpur Corridor (MH),21.79386,80.33024,82.4,86.3,40.7,PRIORITY-1 (Tier A),0.227,34.0,35.3,331.5,6.3,3.082,1.633,8.5
Zone-M220,Balaghat Belt (MP),21.90359,80.30868,82.2,85.0,37.2,PRIORITY-1 (Tier A),0.253,30.4,42.8,379.2,23.5,3.146,2.434,2.5
Zone-M104,Balaghat Belt (MP),22.06846,80.24855,82.2,88.9,39.7,PRIORITY-1 (Tier A),0.21,39.6,29.3,349.2,14.9,2.096,2.403,1.8
Zone-M512,Balaghat Belt (MP),21.45804,80.32407,82.1,92.2,37.8,PRIORITY-1 (Tier A),0.254,36.3,19.3,227.8,22.2,2.366,2.43,14.0
Zone-M392,Balaghat Belt (MP),21.66373,79.36968,82.1,90.9,35.4,PRIORITY-1 (Tier A),0.178,32.1,41.6,664.0,5.0,3.67,2.065,8.2
Zone-M186,Keonjhar-Bonai Belt (Odisha),22.45449,85.2737,82.1,87.4,35.5,PRIORITY-1 (Tier A),0.449,34.0,33.1,295.3,19.9,3.257,1.531,1.9
Zone-M541,Bhandara-Nagpur Corridor (MH),20.96904,79.71338,82.1,90.6,36.7,PRIORITY-1 (Tier A),0.305,30.4,22.9,366.7,15.9,2.241,1.374,13.6
Zone-M257,Bhandara-Nagpur Corridor (MH),20.75213,80.00038,81.8,91.0,37.7,PRIORITY-2 (Tier B),0.157,34.3,33.4,617.7,14.9,2.599,2.665,2.3
Zone-M133,Bhandara-Nagpur Corridor (MH),21.54676,79.97376,81.7,88.7,38.7,PRIORITY-2 (Tier B),0.214,40.2,23.9,663.1,4.2,3.837,1.265,12.6
Zone-M433,Bhandara-Nagpur Corridor (MH),20.86474,80.6138,81.7,92.9,38.2,PRIORITY-2 (Tier B),0.155,39.7,41.8,540.6,11.3,3.646,2.288,2.3
Zone-M108,Balaghat Belt (MP),22.13039,80.3115,81.6,95.2,37.9,PRIORITY-2 (Tier B),0.298,39.3,50.8,366.3,6.2,2.279,1.841,11.6
Zone-M322,Keonjhar-Bonai Belt (Odisha),21.52366,85.40539,81.6,93.2,39.3,PRIORITY-2 (Tier B),0.125,31.5,23.6,344.6,9.0,1.931,1.888,10.5
Zone-M192,Balaghat Belt (MP),22.43919,80.43634,81.4,86.1,37.7,PRIORITY-2 (Tier B),0.155,36.9,43.3,234.5,22.7,1.909,2.012,10.2
Zone-M212,Balaghat Belt (MP),21.37465,79.90284,81.3,94.3,37.0,PRIORITY-2 (Tier B),0.26,37.3,18.8,507.0,13.0,3.032,1.452,10.5
Zone-M154,Keonjhar-Bonai Belt (Odisha),21.08464,85.7575,81.3,91.8,39.5,PRIORITY-2 (Tier B),0.296,40.5,46.5,289.8,10.2,2.322,2.316,1.2
Zone-M545,Bhandara-Nagpur Corridor (MH),21.56626,78.86836,81.1,86.2,37.0,PRIORITY-2 (Tier B),0.245,39.8,40.8,519.3,21.3,3.677,2.58,2.1
Zone-M210,Keonjhar-Bonai Belt (Odisha),21.30788,85.21015,81.1,86.3,40.5,PRIORITY-2 (Tier B),0.293,37.9,19.3,481.0,9.1,3.822,1.925,11.4
Zone-M356,Balaghat Belt (MP),22.35701,80.0704,81.0,95.9,39.2,PRIORITY-2 (Tier B),0.178,35.9,38.2,445.2,16.9,2.283,2.029,5.7
Zone-M249,Bhandara-Nagpur Corridor (MH),21.12047,79.34094,81.0,90.2,36.9,PRIORITY-2 (Tier B),0.155,37.2,47.9,395.0,19.5,3.825,1.506,7.7
Zone-M471,Sandur Basin (Karnataka),14.8066,76.12345,80.9,95.6,37.1,PRIORITY-2 (Tier B),0.188,39.2,44.5,249.3,11.7,2.394,1.657,13.8
Zone-M164,Balaghat Belt (MP),21.38226,80.4652,80.8,93.0,39.2,PRIORITY-2 (Tier B),0.402,39.6,30.9,527.3,8.1,2.416,2.545,1.0
Zone-M247,Sandur Basin (Karnataka),14.94549,77.2535,80.8,90.8,40.5,PRIORITY-2 (Tier B),0.141,35.2,47.3,431.3,5.0,3.451,1.502,4.2
Zone-M126,Keonjhar-Bonai Belt (Odisha),22.70987,84.51916,80.7,96.0,37.3,PRIORITY-2 (Tier B),0.419,30.7,17.8,266.4,4.4,1.998,2.225,1.7
Zone-M414,Keonjhar-Bonai Belt (Odisha),21.42734,84.78617,80.6,85.0,42.4,PRIORITY-2 (Tier B),0.121,37.4,40.7,409.0,13.8,2.672,1.236,5.2
Zone-M253,Bhandara-Nagpur Corridor (MH),20.88228,79.90051,80.4,90.8,37.7,PRIORITY-2 (Tier B),0.354,32.4,33.8,598.0,13.2,2.551,1.941,11.7
Zone-M321,Bhandara-Nagpur Corridor (MH),20.86339,79.59081,80.4,89.4,37.9,PRIORITY-2 (Tier B),0.205,34.1,43.9,224.2,15.8,3.088,2.157,4.0
Zone-M522,Keonjhar-Bonai Belt (Odisha),22.07329,85.2369,80.4,90.5,35.1,PRIORITY-2 (Tier B),0.148,41.8,41.7,351.3,15.7,2.03,2.649,3.1
Zone-M120,Balaghat Belt (MP),21.53951,80.08527,80.3,89.8,38.1,PRIORITY-2 (Tier B),0.299,32.0,38.6,234.0,4.7,3.527,1.74,2.5
Zone-M404,Balaghat Belt (MP),21.56184,80.9613,80.3,94.2,37.9,PRIORITY-2 (Tier B),0.43,37.1,53.2,289.7,13.5,3.064,2.073,6.1
Zone-M191,Sandur Basin (Karnataka),15.80061,76.54209,80.3,84.1,34.9,PRIORITY-2 (Tier B),0.228,35.2,18.5,381.3,4.7,1.965,1.795,2.6
Zone-M374,Keonjhar-Bonai Belt (Odisha),20.63025,85.0367,80.2,96.1,40.0,PRIORITY-2 (Tier B),0.306,38.0,17.7,412.1,6.3,3.087,2.608,9.5
Zone-M451,Sandur Basin (Karnataka),15.19437,76.50243,80.1,95.0,35.3,PRIORITY-2 (Tier B),0.136,31.6,33.6,324.4,18.9,3.73,1.836,5.3
Zone-M440,Balaghat Belt (MP),21.92273,80.17556,80.1,90.7,36.6,PRIORITY-2 (Tier B),0.447,40.0,18.9,544.9,10.9,1.815,1.805,3.9
Zone-M173,Bhandara-Nagpur Corridor (MH),21.40192,79.70622,80.0,96.1,38.5,PRIORITY-2 (Tier B),0.432,34.6,49.5,608.5,10.4,3.541,1.256,8.7
Zone-M174,Keonjhar-Bonai Belt (Odisha),21.55448,85.17633,80.0,88.2,39.0,PRIORITY-2 (Tier B),0.359,28.9,27.6,468.2,19.8,2.469,2.139,12.5
Zone-M179,Sandur Basin (Karnataka),14.96798,76.13925,80.0,85.9,36.1,PRIORITY-2 (Tier B),0.389,31.1,24.0,467.0,15.9,3.018,1.337,12.4
Zone-M523,Sandur Basin (Karnataka),14.70259,76.80606,80.0,92.4,36.7,PRIORITY-2 (Tier B),0.323,40.5,18.1,372.2,9.0,3.875,1.784,10.5
Zone-M292,Balaghat Belt (MP),21.50562,80.63017,79.9,92.9,34.9,PRIORITY-2 (Tier B),0.186,40.5,26.5,389.2,5.2,2.034,1.974,4.3
Zone-M268,Balaghat Belt (MP),21.86903,80.35678,79.9,91.4,35.3,PRIORITY-2 (Tier B),0.123,36.9,51.5,501.8,21.5,3.32,1.381,12.7
Zone-M239,Sandur Basin (Karnataka),15.41477,76.32276,79.9,90.5,36.8,PRIORITY-2 (Tier B),0.265,30.1,28.1,419.6,5.8,2.263,2.097,10.5
Zone-M534,Keonjhar-Bonai Belt (Odisha),21.63048,85.14005,79.8,86.1,37.5,PRIORITY-2 (Tier B),0.272,32.3,16.4,368.6,14.9,2.959,1.735,6.7
Zone-M515,Sandur Basin (Karnataka),15.29766,76.59784,79.8,89.6,38.0,PRIORITY-2 (Tier B),0.354,38.2,22.0,386.2,16.7,1.948,1.742,7.9
Zone-M286,Keonjhar-Bonai Belt (Odisha),22.56023,85.79558,79.8,87.0,38.9,PRIORITY-2 (Tier B),0.356,39.5,47.2,474.2,14.4,2.1,2.363,4.4
Zone-M428,Balaghat Belt (MP),22.47422,79.80084,79.7,89.1,36.5,PRIORITY-2 (Tier B),0.209,30.8,46.3,638.3,11.4,3.378,2.545,12.0
Zone-M427,Sandur Basin (Karnataka),15.38131,76.30481,79.7,96.1,35.9,PRIORITY-2 (Tier B),0.25,29.8,41.9,555.5,15.5,2.234,1.957,4.9
Zone-M505,Bhandara-Nagpur Corridor (MH),21.34407,79.83896,79.7,87.9,40.5,PRIORITY-2 (Tier B),0.436,28.5,38.2,296.6,18.2,2.169,1.553,7.3
Zone-M342,Keonjhar-Bonai Belt (Odisha),21.90734,84.67408,79.6,88.0,38.4,PRIORITY-2 (Tier B),0.416,40.4,28.0,634.4,23.9,3.533,2.467,4.1
Zone-M399,Sandur Basin (Karnataka),14.94214,75.94166,79.5,86.5,37.2,PRIORITY-2 (Tier B),0.161,41.5,19.3,440.1,15.7,2.937,1.329,1.6
Zone-M547,Sandur Basin (Karnataka),15.72351,76.86314,79.3,86.7,36.9,PRIORITY-2 (Tier B),0.16,39.9,21.3,668.4,20.9,2.852,2.672,2.1
Zone-M518,Keonjhar-Bonai Belt (Odisha),21.77514,85.17614,79.3,84.1,43.2,PRIORITY-2 (Tier B),0.259,38.1,32.7,556.8,8.7,3.508,2.083,3.6
Zone-M398,Keonjhar-Bonai Belt (Odisha),21.23099,85.75493,79.2,85.6,39.5,PRIORITY-2 (Tier B),0.311,37.7,43.0,566.6,21.5,2.85,2.295,9.0
Zone-M485,Bhandara-Nagpur Corridor (MH),20.21057,79.89839,79.2,94.8,36.8,PRIORITY-2 (Tier B),0.166,36.0,49.7,488.2,18.4,2.581,1.339,6.8
Zone-M513,Bhandara-Nagpur Corridor (MH),20.92037,79.29577,79.1,95.4,37.5,PRIORITY-2 (Tier B),0.286,39.1,20.4,669.6,23.3,2.144,1.649,2.1
Zone-M529,Bhandara-Nagpur Corridor (MH),20.7931,79.80024,79.1,84.9,36.6,PRIORITY-2 (Tier B),0.327,31.5,47.1,596.2,23.6,2.854,1.882,10.7
Zone-M328,Balaghat Belt (MP),21.84006,79.29228,78.9,90.9,39.2,PRIORITY-2 (Tier B),0.286,30.7,49.4,531.4,20.8,3.603,2.323,6.6
Zone-M382,Keonjhar-Bonai Belt (Odisha),20.89079,85.82732,78.8,84.1,38.3,PRIORITY-2 (Tier B),0.38,32.3,16.6,490.6,12.0,3.845,2.016,4.4
Zone-M370,Keonjhar-Bonai Belt (Odisha),21.69478,85.33735,78.8,85.5,32.9,PRIORITY-2 (Tier B),0.444,31.0,17.7,493.6,18.8,1.868,2.188,7.8
Zone-M474,Keonjhar-Bonai Belt (Odisha),21.88845,84.86179,78.7,92.8,34.0,PRIORITY-2 (Tier B),0.256,35.1,15.3,538.2,17.2,1.881,1.752,13.7
Zone-M525,Bhandara-Nagpur Corridor (MH),21.04589,79.76375,78.7,91.7,38.5,PRIORITY-2 (Tier B),0.135,36.7,27.4,389.6,19.4,3.503,1.801,13.3
Zone-M194,Keonjhar-Bonai Belt (Odisha),21.45686,85.10645,78.5,96.2,36.6,PRIORITY-2 (Tier B),0.231,30.5,46.6,523.0,14.0,2.966,2.279,3.8
Zone-M272,Balaghat Belt (MP),22.26861,80.73827,78.4,89.1,37.7,PRIORITY-2 (Tier B),0.223,37.5,39.2,387.7,8.4,3.875,1.881,9.9
Zone-M123,Sandur Basin (Karnataka),15.36361,76.99324,78.4,91.6,34.2,PRIORITY-2 (Tier B),0.258,31.5,29.2,568.6,4.3,2.044,1.269,1.3
Zone-M117,Bhandara-Nagpur Corridor (MH),21.15343,79.59235,78.4,96.1,35.9,PRIORITY-2 (Tier B),0.438,39.9,26.8,397.1,21.0,2.466,1.454,8.1
Zone-M138,Keonjhar-Bonai Belt (Odisha),21.75236,85.31879,78.0,89.6,36.0,PRIORITY-2 (Tier B),0.163,41.4,39.2,325.2,17.4,3.098,1.737,2.3
Zone-M488,Balaghat Belt (MP),22.21578,80.56924,78.0,92.5,36.7,PRIORITY-2 (Tier B),0.141,36.3,44.6,317.0,20.8,1.864,2.466,6.9
Zone-M136,Balaghat Belt (MP),22.14265,79.94924,78.0,95.4,36.2,PRIORITY-2 (Tier B),0.391,41.3,44.0,502.2,12.4,3.759,2.499,1.4
Zone-M336,Balaghat Belt (MP),21.58762,79.70413,77.9,88.6,37.4,PRIORITY-2 (Tier B),0.273,38.1,41.3,546.0,4.2,2.257,2.193,7.2
Zone-M417,Bhandara-Nagpur Corridor (MH),20.94882,80.10272,77.8,91.2,34.0,PRIORITY-2 (Tier B),0.395,39.3,49.7,247.4,17.8,2.094,1.824,8.0
Zone-M340,Balaghat Belt (MP),21.57976,80.52181,77.8,95.7,35.3,PRIORITY-2 (Tier B),0.33,32.5,25.8,307.8,17.9,2.259,2.093,4.3
Zone-M129,Bhandara-Nagpur Corridor (MH),20.97258,80.04864,77.8,84.1,35.4,PRIORITY-2 (Tier B),0.419,29.3,27.8,657.0,23.0,3.004,2.148,6.7
Zone-M197,Bhandara-Nagpur Corridor (MH),21.58058,79.97635,77.7,95.4,38.3,PRIORITY-2 (Tier B),0.179,31.3,53.9,303.2,21.1,2.834,1.571,12.3
Zone-M231,Sandur Basin (Karnataka),15.51669,77.17975,77.7,92.2,35.9,PRIORITY-2 (Tier B),0.162,32.7,52.1,323.3,11.4,2.707,1.859,8.9
Zone-M216,Balaghat Belt (MP),22.3954,80.34761,77.6,91.0,37.1,PRIORITY-2 (Tier B),0.436,30.5,42.6,312.4,14.7,2.003,1.876,10.8
Zone-M134,Keonjhar-Bonai Belt (Odisha),21.85084,85.30504,77.6,96.1,38.4,PRIORITY-2 (Tier B),0.293,36.8,42.8,429.1,16.6,3.027,2.552,1.4
Zone-M508,Balaghat Belt (MP),22.04022,80.15219,77.5,86.4,34.9,PRIORITY-2 (Tier B),0.22,29.3,20.8,268.1,12.5,3.471,1.412,2.5
Zone-M397,Bhandara-Nagpur Corridor (MH),21.04948,79.38999,77.5,90.6,36.4,PRIORITY-2 (Tier B),0.408,41.9,38.3,593.7,10.5,2.442,1.804,9.7
Zone-M418,Keonjhar-Bonai Belt (Odisha),21.97624,84.30269,77.2,85.7,33.7,PRIORITY-2 (Tier B),0.172,41.3,50.2,637.2,23.8,2.237,1.733,9.6
Zone-M402,Keonjhar-Bonai Belt (Odisha),21.28813,85.792,77.2,93.5,33.7,PRIORITY-2 (Tier B),0.27,33.8,52.4,335.4,6.4,3.028,2.654,5.8
Zone-M144,Balaghat Belt (MP),22.02496,80.483,77.2,88.6,37.9,PRIORITY-2 (Tier B),0.28,36.7,29.8,432.8,18.9,1.877,1.579,10.2
Zone-M531,Sandur Basin (Karnataka),15.15521,76.26581,77.1,86.9,37.8,PRIORITY-2 (Tier B),0.331,31.3,43.5,621.9,6.5,3.62,2.09,2.5
Zone-M442,Keonjhar-Bonai Belt (Odisha),20.81599,85.26557,77.1,87.7,37.3,PRIORITY-2 (Tier B),0.226,30.3,46.3,276.3,16.7,2.06,1.306,12.8
Zone-M446,Keonjhar-Bonai Belt (Odisha),21.57104,84.82639,77.1,96.3,36.2,PRIORITY-2 (Tier B),0.246,38.9,28.7,508.7,7.8,2.107,2.607,12.9
Zone-M288,Balaghat Belt (MP),22.09878,79.83315,77.1,88.5,37.3,PRIORITY-2 (Tier B),0.209,39.8,27.5,582.9,21.8,2.711,2.565,5.8
Zone-M226,Keonjhar-Bonai Belt (Odisha),21.74311,85.53172,77.0,89.7,38.5,PRIORITY-2 (Tier B),0.399,29.4,34.5,289.0,10.5,3.348,1.914,5.8
Zone-M107,Sandur Basin (Karnataka),14.65437,76.91487,76.9,87.1,36.6,PRIORITY-2 (Tier B),0.255,38.6,24.2,255.4,9.8,2.139,2.595,11.5
Zone-M121,Bhandara-Nagpur Corridor (MH),21.63932,79.70399,76.8,85.1,39.0,PRIORITY-2 (Tier B),0.137,35.4,36.6,513.2,18.5,3.849,1.974,5.1
Zone-M544,Balaghat Belt (MP),22.04482,80.42152,76.8,88.7,38.5,PRIORITY-2 (Tier B),0.17,39.2,43.3,307.6,11.3,2.022,2.142,2.4
Zone-M490,Keonjhar-Bonai Belt (Odisha),21.16168,84.66085,76.8,84.9,35.2,PRIORITY-2 (Tier B),0.225,31.7,35.2,577.8,21.2,3.574,1.74,9.9
Zone-M437,Bhandara-Nagpur Corridor (MH),21.42691,78.94766,76.7,95.5,36.5,PRIORITY-2 (Tier B),0.234,28.8,23.2,412.6,8.4,1.8,2.573,11.9
Zone-M201,Bhandara-Nagpur Corridor (MH),21.09811,79.21532,76.6,90.3,35.6,PRIORITY-2 (Tier B),0.134,30.1,54.5,664.0,4.1,3.799,2.159,12.3
Zone-M330,Keonjhar-Bonai Belt (Odisha),21.43069,84.7966,76.5,90.5,37.0,PRIORITY-2 (Tier B),0.321,31.4,17.3,399.9,8.7,2.261,2.64,8.9
Zone-M112,Balaghat Belt (MP),21.26727,80.20743,76.4,92.6,35.5,PRIORITY-2 (Tier B),0.248,41.1,20.5,376.9,6.3,3.742,2.516,4.2
Zone-M219,Sandur Basin (Karnataka),15.72672,76.15399,76.3,90.2,36.3,PRIORITY-2 (Tier B),0.447,39.9,23.3,648.1,6.3,3.517,1.771,12.4
Zone-M252,Balaghat Belt (MP),21.78213,80.36095,76.2,95.0,35.5,PRIORITY-2 (Tier B),0.261,30.3,15.5,477.5,14.5,3.311,2.535,1.8
Zone-M343,Sandur Basin (Karnataka),14.86781,76.59388,76.0,94.1,37.7,PRIORITY-2 (Tier B),0.403,42.0,24.7,238.6,12.2,2.073,1.234,5.6
Zone-M379,Sandur Basin (Karnataka),15.53229,76.30775,75.9,94.1,38.4,PRIORITY-2 (Tier B),0.432,33.6,46.3,342.3,23.8,1.854,2.105,9.5
Zone-M297,Bhandara-Nagpur Corridor (MH),20.92812,79.39892,75.9,93.8,38.0,PRIORITY-2 (Tier B),0.311,30.1,47.4,512.5,11.8,3.216,1.59,5.4
Zone-M362,Keonjhar-Bonai Belt (Odisha),21.72952,85.13031,75.7,91.6,35.4,PRIORITY-2 (Tier B),0.213,30.4,30.2,588.7,11.8,3.377,1.388,11.0
Zone-M421,Bhandara-Nagpur Corridor (MH),20.54883,79.70021,75.7,87.6,36.5,PRIORITY-2 (Tier B),0.362,28.3,38.4,653.1,7.5,2.79,1.337,9.1
Zone-M363,Sandur Basin (Karnataka),15.30622,76.1586,75.7,88.8,35.8,PRIORITY-2 (Tier B),0.142,28.3,48.1,461.4,19.5,2.292,1.718,1.2
Zone-M449,Bhandara-Nagpur Corridor (MH),20.78482,80.13177,75.7,87.0,37.1,PRIORITY-2 (Tier B),0.248,29.1,20.9,357.1,5.8,3.713,1.209,7.2
Zone-M139,Sandur Basin (Karnataka),15.1527,77.26659,75.5,94.7,33.0,PRIORITY-2 (Tier B),0.302,35.9,50.1,405.6,6.7,1.86,2.333,9.0
Zone-M193,Bhandara-Nagpur Corridor (MH),21.26584,79.93621,75.5,94.2,33.9,PRIORITY-2 (Tier B),0.146,40.5,36.9,596.0,13.0,3.152,1.99,10.5
Zone-M124,Balaghat Belt (MP),21.96534,80.48985,75.5,90.1,36.1,PRIORITY-2 (Tier B),0.276,30.4,32.4,403.3,16.3,3.134,1.268,5.7
Zone-M276,Balaghat Belt (MP),21.11725,80.47916,75.3,89.6,35.4,PRIORITY-2 (Tier B),0.327,34.8,31.1,677.2,21.6,3.109,2.054,9.0
Zone-M393,Bhandara-Nagpur Corridor (MH),20.89261,79.65021,75.3,88.3,37.4,PRIORITY-2 (Tier B),0.423,33.7,20.7,548.8,9.9,2.903,2.247,12.7
Zone-M175,Sandur Basin (Karnataka),14.67516,76.75493,75.2,94.0,35.7,PRIORITY-2 (Tier B),0.449,32.9,45.7,404.9,13.6,3.118,2.511,13.8
Zone-M238,Keonjhar-Bonai Belt (Odisha),21.50166,86.32328,75.2,91.2,35.5,PRIORITY-2 (Tier B),0.305,35.8,39.1,531.2,20.1,2.367,2.438,7.4
Zone-M169,Bhandara-Nagpur Corridor (MH),21.56922,79.27881,75.1,90.0,39.1,PRIORITY-2 (Tier B),0.339,41.1,44.3,318.9,4.6,2.351,2.093,1.5
Zone-M102,Keonjhar-Bonai Belt (Odisha),21.78039,84.7301,75.1,91.6,35.6,PRIORITY-2 (Tier B),0.176,28.9,53.0,664.2,20.2,2.44,1.347,9.8
Zone-M137,Bhandara-Nagpur Corridor (MH),21.11644,79.53147,75.1,88.8,37.8,PRIORITY-2 (Tier B),0.44,39.8,48.5,435.6,12.3,2.374,1.285,12.2
Zone-M157,Bhandara-Nagpur Corridor (MH),21.19777,80.7603,74.9,94.9,35.6,PRIORITY-2 (Tier B),0.428,35.9,42.9,644.3,18.1,2.12,2.064,8.8
Zone-M273,Bhandara-Nagpur Corridor (MH),21.12529,79.1684,74.8,96.1,36.5,PRIORITY-2 (Tier B),0.247,28.5,16.2,398.5,7.2,1.849,2.334,6.9
Zone-M380,Balaghat Belt (MP),21.55464,80.32457,74.6,87.8,34.4,PRIORITY-2 (Tier B),0.3,33.8,21.4,298.6,12.4,3.39,2.547,1.9
Zone-M401,Bhandara-Nagpur Corridor (MH),21.25042,80.19033,74.5,92.0,32.9,PRIORITY-2 (Tier B),0.274,30.7,43.1,476.0,11.2,3.714,1.231,5.0
Zone-M332,Balaghat Belt (MP),21.4861,80.28215,74.4,92.7,36.2,PRIORITY-2 (Tier B),0.188,33.5,50.8,314.0,14.2,2.68,1.227,11.3
Zone-M424,Balaghat Belt (MP),21.83494,79.6626,74.3,89.0,37.1,PRIORITY-2 (Tier B),0.388,28.2,41.0,527.7,20.0,3.759,1.23,2.8
Zone-M229,Bhandara-Nagpur Corridor (MH),21.21583,79.45898,74.3,87.7,32.9,PRIORITY-2 (Tier B),0.235,38.8,41.5,305.2,7.5,2.007,2.19,10.9
Zone-M114,Keonjhar-Bonai Belt (Odisha),21.86272,85.43858,74.3,86.0,34.9,PRIORITY-2 (Tier B),0.417,36.5,15.4,266.7,17.3,1.811,1.441,8.0
Zone-M277,Bhandara-Nagpur Corridor (MH),20.99667,79.11415,74.1,90.8,36.4,PRIORITY-2 (Tier B),0.195,41.5,51.4,552.2,14.7,3.627,1.396,11.2
Zone-M315,Sandur Basin (Karnataka),14.77926,76.16437,74.0,88.2,38.1,PRIORITY-2 (Tier B),0.362,33.7,17.7,580.5,9.7,2.709,2.228,5.2
Zone-M323,Sandur Basin (Karnataka),15.56449,76.89898,73.9,94.3,34.3,PRIORITY-2 (Tier B),0.428,35.6,23.0,503.7,18.9,3.35,1.982,1.7
Zone-M183,Sandur Basin (Karnataka),14.87314,76.72323,73.8,90.3,34.4,PRIORITY-2 (Tier B),0.122,32.0,39.7,671.3,16.6,2.346,2.151,7.9
Zone-M150,Keonjhar-Bonai Belt (Odisha),21.72026,84.81559,73.8,88.2,35.1,PRIORITY-2 (Tier B),0.164,28.9,54.6,368.3,20.2,2.335,2.222,10.8
Zone-M461,Bhandara-Nagpur Corridor (MH),20.68807,79.68788,73.7,85.1,34.2,PRIORITY-2 (Tier B),0.264,37.2,32.5,347.3,15.2,2.529,2.599,13.0
Zone-M245,Bhandara-Nagpur Corridor (MH),20.78467,79.88816,73.7,96.2,30.5,PRIORITY-2 (Tier B),0.321,32.9,19.6,289.6,8.5,2.327,2.476,8.2
Zone-M318,Keonjhar-Bonai Belt (Odisha),21.84327,85.32774,73.7,84.9,34.8,PRIORITY-2 (Tier B),0.434,32.2,18.7,495.6,16.5,3.162,1.601,1.0
Zone-M429,Bhandara-Nagpur Corridor (MH),20.65738,79.16407,73.5,85.4,36.4,PRIORITY-2 (Tier B),0.202,32.4,47.4,622.7,10.0,3.603,2.486,10.9
Zone-M445,Bhandara-Nagpur Corridor (MH),21.39292,80.19622,73.4,85.1,37.2,PRIORITY-2 (Tier B),0.245,33.8,16.6,346.0,23.1,3.803,1.728,1.4
Zone-M211,Sandur Basin (Karnataka),14.90631,76.57229,73.3,91.5,34.6,PRIORITY-2 (Tier B),0.39,40.4,24.1,317.5,16.2,2.663,2.46,12.7
Zone-M524,Balaghat Belt (MP),21.44703,80.44615,73.2,89.1,36.7,PRIORITY-2 (Tier B),0.197,28.3,50.2,664.2,10.8,2.511,1.211,9.8
Zone-M335,Sandur Basin (Karnataka),14.99729,76.87924,73.1,84.8,34.7,PRIORITY-2 (Tier B),0.334,29.0,30.0,589.8,12.7,3.894,2.039,5.0
Zone-M517,Bhandara-Nagpur Corridor (MH),20.90536,79.36868,73.0,90.3,32.6,PRIORITY-2 (Tier B),0.174,41.4,49.1,617.3,12.1,3.401,1.416,0.9
Zone-M225,Bhandara-Nagpur Corridor (MH),21.13044,79.57679,72.9,87.2,34.7,PRIORITY-2 (Tier B),0.371,29.9,36.4,319.0,4.2,2.307,2.664,11.4
Zone-M259,Sandur Basin (Karnataka),15.3466,76.36564,72.9,85.4,35.5,PRIORITY-2 (Tier B),0.352,35.6,18.9,331.3,4.2,2.784,1.652,8.7
Zone-M263,Sandur Basin (Karnataka),15.00302,75.70904,72.8,91.5,34.4,PRIORITY-2 (Tier B),0.365,35.1,40.4,252.6,9.1,2.56,1.909,1.4
Zone-M475,Sandur Basin (Karnataka),15.09998,75.60037,72.6,91.3,33.7,PRIORITY-2 (Tier B),0.383,40.1,33.3,438.5,11.7,3.83,2.246,1.9
Zone-M468,Balaghat Belt (MP),21.47718,80.30741,72.6,95.4,35.8,PRIORITY-2 (Tier B),0.371,37.5,27.0,304.7,19.1,2.796,1.539,8.9
Zone-M221,Bhandara-Nagpur Corridor (MH),21.92876,79.52394,72.6,90.3,33.6,PRIORITY-2 (Tier B),0.252,30.0,29.7,251.4,4.5,2.084,2.645,8.1
Zone-M209,Bhandara-Nagpur Corridor (MH),21.07955,79.88229,72.5,87.2,36.3,PRIORITY-2 (Tier B),0.214,32.3,47.1,468.0,10.2,3.082,2.274,4.4
Zone-M222,Keonjhar-Bonai Belt (Odisha),21.71828,85.4946,72.5,89.5,38.3,PRIORITY-2 (Tier B),0.155,37.0,23.6,505.0,17.0,2.119,1.292,11.1
Zone-M235,Sandur Basin (Karnataka),15.00486,76.54313,72.4,96.4,36.2,PRIORITY-2 (Tier B),0.153,33.6,47.0,313.9,15.1,3.339,2.124,3.3
Zone-M539,Sandur Basin (Karnataka),15.13606,76.75619,72.4,88.5,31.8,PRIORITY-2 (Tier B),0.156,40.3,46.3,297.3,14.2,2.823,2.138,13.3
Zone-M230,Keonjhar-Bonai Belt (Odisha),22.19822,84.99728,72.4,86.6,31.6,PRIORITY-2 (Tier B),0.16,36.6,46.0,516.2,14.6,1.888,2.653,11.3
Zone-M270,Keonjhar-Bonai Belt (Odisha),21.4592,86.01012,72.2,87.8,32.6,PRIORITY-2 (Tier B),0.38,34.2,46.9,598.3,21.2,3.725,1.846,5.0
Zone-M295,Sandur Basin (Karnataka),14.43153,76.63945,72.2,96.2,36.9,PRIORITY-2 (Tier B),0.4,28.3,50.9,580.3,19.6,2.762,1.797,4.8
Zone-M119,Sandur Basin (Karnataka),15.35154,76.33863,72.2,95.4,33.9,PRIORITY-2 (Tier B),0.289,35.0,46.9,519.0,18.0,3.471,2.535,5.3
Zone-M118,Keonjhar-Bonai Belt (Odisha),21.82793,85.45413,72.1,91.7,34.0,PRIORITY-2 (Tier B),0.447,30.0,35.7,623.6,18.8,3.264,2.254,5.5
Zone-M419,Sandur Basin (Karnataka),14.29188,76.36751,72.1,91.2,37.6,PRIORITY-2 (Tier B),0.173,34.6,37.1,482.3,8.2,3.359,1.238,5.5
Zone-M497,Bhandara-Nagpur Corridor (MH),21.49911,79.8053,72.1,93.2,33.7,PRIORITY-2 (Tier B),0.211,36.9,28.6,678.9,9.3,2.386,2.596,1.1
Zone-M358,Keonjhar-Bonai Belt (Odisha),22.29808,85.09472,72.1,91.0,34.8,PRIORITY-2 (Tier B),0.399,39.1,22.0,529.5,8.4,2.258,2.511,4.1
Zone-M530,Keonjhar-Bonai Belt (Odisha),21.81239,84.86555,72.0,89.2,34.1,PRIORITY-2 (Tier B),0.402,40.0,19.0,261.7,9.3,3.637,1.393,10.3
Zone-M122,Keonjhar-Bonai Belt (Odisha),21.4522,85.64097,71.9,84.3,34.4,PRIORITY-2 (Tier B),0.438,39.7,42.8,408.1,7.5,2.129,1.575,8.0
Zone-M109,Bhandara-Nagpur Corridor (MH),20.29034,79.79512,71.8,88.2,34.7,PRIORITY-2 (Tier B),0.431,32.5,35.8,543.4,11.3,3.841,2.644,4.1
Zone-M514,Keonjhar-Bonai Belt (Odisha),22.11401,85.06622,71.8,88.3,34.6,PRIORITY-2 (Tier B),0.444,36.8,31.6,296.6,23.7,3.524,1.622,1.7
Zone-M227,Sandur Basin (Karnataka),14.81755,75.75327,71.8,95.9,33.8,PRIORITY-2 (Tier B),0.38,32.4,42.5,421.3,9.1,3.566,1.258,12.7
Zone-M473,Bhandara-Nagpur Corridor (MH),20.79305,80.53903,71.7,84.7,32.7,PRIORITY-2 (Tier B),0.219,34.6,21.7,383.2,12.0,1.921,2.075,12.5
Zone-M331,Sandur Basin (Karnataka),14.45237,77.04449,71.6,92.7,38.5,PRIORITY-2 (Tier B),0.352,30.4,35.0,409.5,21.4,3.126,1.999,2.3
Zone-M376,Balaghat Belt (MP),21.61556,80.26176,71.6,86.0,34.8,PRIORITY-2 (Tier B),0.393,28.6,31.8,297.4,21.6,2.97,1.547,7.4
Zone-M115,Sandur Basin (Karnataka),15.3948,77.01379,71.4,87.0,35.8,PRIORITY-2 (Tier B),0.227,38.5,41.0,610.6,17.2,2.993,1.341,5.7
Zone-M300,Balaghat Belt (MP),21.65976,80.41542,71.3,89.5,33.1,PRIORITY-2 (Tier B),0.316,29.0,39.9,671.3,7.8,3.464,2.562,13.3
Zone-M326,Keonjhar-Bonai Belt (Odisha),21.52809,85.87745,71.2,86.0,32.3,PRIORITY-2 (Tier B),0.173,29.0,22.4,525.5,21.6,3.51,2.228,2.3
Zone-M303,Sandur Basin (Karnataka),14.67677,75.98886,71.2,95.9,33.6,PRIORITY-2 (Tier B),0.31,33.0,46.5,335.5,15.3,2.553,2.185,4.0
Zone-M528,Balaghat Belt (MP),21.81917,80.05857,71.1,84.9,39.9,PRIORITY-2 (Tier B),0.346,35.0,45.6,443.2,7.0,3.161,1.459,12.3
Zone-M444,Balaghat Belt (MP),21.75248,80.26484,71.1,88.7,35.8,PRIORITY-2 (Tier B),0.25,35.6,21.4,538.0,7.4,2.452,1.955,11.3
Zone-M301,Bhandara-Nagpur Corridor (MH),21.14854,79.89028,70.9,93.0,36.1,PRIORITY-2 (Tier B),0.202,37.0,41.7,294.8,15.3,3.42,1.948,1.0
Zone-M400,Balaghat Belt (MP),21.87865,79.81837,70.9,92.0,33.3,PRIORITY-2 (Tier B),0.391,28.6,34.9,537.1,9.0,2.446,2.12,12.7
Zone-M264,Balaghat Belt (MP),21.65974,79.90303,70.9,91.6,33.9,PRIORITY-2 (Tier B),0.213,30.9,35.7,222.5,4.2,2.26,1.255,2.2
Zone-M161,Bhandara-Nagpur Corridor (MH),21.14022,79.71647,70.8,93.4,33.5,PRIORITY-2 (Tier B),0.189,40.6,23.2,307.7,4.7,2.791,2.047,1.7
Zone-M409,Bhandara-Nagpur Corridor (MH),21.08402,79.20064,70.8,84.7,30.8,PRIORITY-2 (Tier B),0.318,40.6,30.3,319.5,12.9,1.902,2.431,11.7
Zone-M549,Bhandara-Nagpur Corridor (MH),21.62926,79.80346,70.7,91.1,32.4,PRIORITY-2 (Tier B),0.406,34.0,53.7,428.0,6.9,2.618,2.628,5.0
Zone-M142,Keonjhar-Bonai Belt (Odisha),21.91497,84.92405,70.7,95.2,35.7,PRIORITY-2 (Tier B),0.276,37.3,21.9,308.5,4.8,2.155,1.618,3.1
Zone-M243,Sandur Basin (Karnataka),14.78709,76.23764,70.7,87.1,34.1,PRIORITY-2 (Tier B),0.21,38.6,33.0,577.3,5.3,2.824,1.25,1.6
Zone-M386,Keonjhar-Bonai Belt (Odisha),21.32441,85.5433,70.5,95.1,32.1,PRIORITY-2 (Tier B),0.416,32.2,24.2,409.2,8.8,3.212,2.439,9.7
Zone-M519,Sandur Basin (Karnataka),15.27197,76.08944,70.2,87.2,31.1,PRIORITY-2 (Tier B),0.406,37.4,32.9,444.4,8.1,3.116,1.738,13.9
Zone-M481,Bhandara-Nagpur Corridor (MH),20.88599,79.71273,70.0,90.4,35.6,PRIORITY-2 (Tier B),0.205,32.4,18.5,359.5,23.3,3.784,1.702,8.3
Zone-M387,Sandur Basin (Karnataka),14.96735,76.96382,70.0,88.5,34.7,PRIORITY-2 (Tier B),0.342,31.8,18.2,676.6,7.1,3.876,2.666,11.3
Zone-M158,Keonjhar-Bonai Belt (Odisha),22.46693,85.09551,69.9,96.3,33.5,PRIORITY-2 (Tier B),0.397,29.7,51.8,620.2,14.4,3.042,1.799,1.5
Zone-M203,Sandur Basin (Karnataka),15.40193,76.49261,69.8,94.5,35.0,PRIORITY-2 (Tier B),0.432,37.6,34.9,504.2,21.4,2.998,1.246,13.1
Zone-M163,Sandur Basin (Karnataka),14.97143,76.52564,69.7,92.2,34.7,PRIORITY-2 (Tier B),0.129,31.1,24.2,529.1,4.4,2.019,2.4,3.2
Zone-M329,Bhandara-Nagpur Corridor (MH),20.78703,79.80079,69.5,92.7,32.1,PRIORITY-2 (Tier B),0.196,29.6,21.6,220.9,18.4,3.338,1.972,2.9
Zone-M371,Sandur Basin (Karnataka),14.5567,76.75379,69.4,88.3,32.2,PRIORITY-2 (Tier B),0.137,28.7,42.7,430.6,8.5,3.089,1.579,8.4
Zone-M177,Bhandara-Nagpur Corridor (MH),20.52122,79.14289,69.3,95.9,31.7,PRIORITY-2 (Tier B),0.379,29.3,31.7,624.4,22.9,2.782,2.12,3.0
Zone-M255,Sandur Basin (Karnataka),15.04909,76.9788,69.2,85.6,32.7,PRIORITY-2 (Tier B),0.343,32.6,42.5,252.0,7.5,3.597,1.541,11.8
Zone-M383,Sandur Basin (Karnataka),14.77415,76.87705,69.1,90.9,31.4,PRIORITY-2 (Tier B),0.137,34.0,48.3,590.6,8.5,2.275,2.426,13.1
Zone-M352,Balaghat Belt (MP),22.11608,79.92009,69.0,86.9,34.8,PRIORITY-2 (Tier B),0.163,31.6,29.2,530.0,5.3,2.242,2.414,2.7
Zone-M147,Sandur Basin (Karnataka),14.50587,76.87945,69.0,87.0,32.6,PRIORITY-2 (Tier B),0.154,30.1,24.8,293.9,7.7,2.399,1.46,12.6
Zone-M233,Bhandara-Nagpur Corridor (MH),21.42435,79.95847,68.8,90.8,31.8,PRIORITY-2 (Tier B),0.445,41.1,16.7,295.8,6.6,3.325,2.427,3.6
Zone-M366,Keonjhar-Bonai Belt (Odisha),21.89583,84.84092,68.6,87.1,38.4,PRIORITY-2 (Tier B),0.275,37.3,45.0,566.8,15.6,3.699,2.426,10.8
Zone-M349,Bhandara-Nagpur Corridor (MH),20.5835,80.11742,68.4,91.6,32.9,PRIORITY-2 (Tier B),0.411,40.4,41.4,317.2,21.3,3.661,1.495,10.5
Zone-M155,Sandur Basin (Karnataka),15.53293,76.69071,68.3,94.3,30.9,PRIORITY-2 (Tier B),0.157,39.9,20.1,402.8,19.9,2.115,1.544,10.3
Zone-M467,Sandur Basin (Karnataka),15.49101,75.97849,68.3,95.7,33.6,PRIORITY-2 (Tier B),0.31,29.8,38.3,572.5,12.1,3.648,2.173,12.7
Zone-M145,Bhandara-Nagpur Corridor (MH),21.14916,80.05682,67.8,89.6,32.1,PRIORITY-2 (Tier B),0.296,31.4,25.8,393.6,4.4,2.476,1.517,5.1
Zone-M101,Bhandara-Nagpur Corridor (MH),20.95412,79.42943,67.6,90.6,33.9,PRIORITY-2 (Tier B),0.263,32.1,39.5,284.2,9.8,2.569,1.884,11.2
Zone-M287,Sandur Basin (Karnataka),14.53,76.54017,67.6,84.7,34.0,PRIORITY-2 (Tier B),0.367,32.4,15.0,455.1,4.9,2.38,2.26,1.6
Zone-M381,Bhandara-Nagpur Corridor (MH),20.87105,79.55561,67.3,86.9,31.4,PRIORITY-2 (Tier B),0.128,39.7,54.0,282.3,8.6,3.624,2.59,6.3
Zone-M141,Bhandara-Nagpur Corridor (MH),21.13529,79.98449,67.3,96.3,35.2,PRIORITY-2 (Tier B),0.283,32.6,40.3,330.5,5.5,2.071,1.392,2.8
Zone-M454,Keonjhar-Bonai Belt (Odisha),22.01366,85.00529,67.3,87.6,31.6,PRIORITY-2 (Tier B),0.367,34.8,23.6,664.9,18.3,3.81,1.841,7.1
Zone-M439,Sandur Basin (Karnataka),15.04805,76.39117,67.2,89.6,29.9,PRIORITY-2 (Tier B),0.343,35.1,49.5,618.4,4.2,3.434,1.891,13.9
Zone-M457,Bhandara-Nagpur Corridor (MH),21.46256,79.41917,67.1,89.9,29.1,PRIORITY-2 (Tier B),0.402,32.8,49.8,260.5,19.5,3.58,1.473,6.5
Zone-M266,Keonjhar-Bonai Belt (Odisha),22.60554,85.27574,67.1,89.3,34.8,PRIORITY-2 (Tier B),0.256,40.7,43.6,499.6,10.2,3.53,2.633,11.6
Zone-M503,Sandur Basin (Karnataka),15.10872,76.34234,67.1,88.4,30.1,PRIORITY-2 (Tier B),0.317,31.8,16.1,558.2,16.5,3.02,2.313,9.7
Zone-M159,Sandur Basin (Karnataka),15.4013,76.34602,67.0,95.5,36.3,PRIORITY-2 (Tier B),0.234,32.9,44.5,428.0,8.5,2.75,1.411,3.1
Zone-M489,Bhandara-Nagpur Corridor (MH),20.99842,79.50671,66.8,91.8,34.0,PRIORITY-2 (Tier B),0.3,29.8,26.6,329.8,8.3,2.663,2.256,3.7
Zone-M189,Bhandara-Nagpur Corridor (MH),21.53974,79.85639,66.7,85.6,31.9,PRIORITY-2 (Tier B),0.346,34.0,23.0,446.1,5.3,3.022,1.603,11.3
Zone-M334,Keonjhar-Bonai Belt (Odisha),22.24341,85.04973,66.5,94.7,32.1,PRIORITY-2 (Tier B),0.411,34.5,18.0,398.4,20.1,3.694,1.505,1.7
Zone-M291,Sandur Basin (Karnataka),15.45054,76.43797,66.4,92.2,30.7,PRIORITY-2 (Tier B),0.276,40.3,23.6,531.8,16.2,2.42,1.405,9.4
Zone-M111,Sandur Basin (Karnataka),14.8474,76.8206,66.2,91.9,28.9,PRIORITY-2 (Tier B),0.329,35.5,18.6,604.2,10.4,2.192,1.261,8.6
Zone-M217,Bhandara-Nagpur Corridor (MH),21.56048,79.13989,66.0,85.9,34.1,PRIORITY-2 (Tier B),0.448,41.0,36.6,607.3,14.4,3.11,1.334,10.8
Zone-M190,Keonjhar-Bonai Belt (Odisha),21.54922,84.54418,65.8,91.5,36.0,PRIORITY-2 (Tier B),0.216,37.7,49.4,578.7,4.8,2.809,1.357,4.0
Zone-M357,Bhandara-Nagpur Corridor (MH),20.85446,79.81888,65.6,87.5,30.7,PRIORITY-2 (Tier B),0.192,30.6,48.0,351.4,22.5,3.837,2.057,2.7
Zone-M311,Sandur Basin (Karnataka),14.95321,76.78681,65.3,88.3,30.1,PRIORITY-2 (Tier B),0.231,41.7,49.3,542.5,18.5,2.98,2.621,7.4
Zone-M477,Bhandara-Nagpur Corridor (MH),21.50678,79.60885,65.2,85.6,32.2,PRIORITY-2 (Tier B),0.218,38.9,33.9,324.6,7.3,2.499,2.61,5.3
Zone-M215,Sandur Basin (Karnataka),14.85229,76.56171,65.2,90.8,29.7,PRIORITY-2 (Tier B),0.41,37.1,36.3,369.2,10.7,3.206,2.691,9.5
Zone-M412,Balaghat Belt (MP),21.76532,79.95576,65.1,88.8,27.1,PRIORITY-2 (Tier B),0.397,30.0,35.2,248.5,5.4,3.005,2.049,12.4
Zone-M469,Bhandara-Nagpur Corridor (MH),21.11025,79.54673,65.1,96.3,31.2,PRIORITY-2 (Tier B),0.189,29.8,23.1,573.8,12.5,2.987,1.232,1.3
Zone-M131,Sandur Basin (Karnataka),15.26415,77.02526,65.0,94.3,30.6,PRIORITY-3 (Tier C),0.353,29.1,18.4,673.9,11.5,2.578,2.419,13.3
Zone-M495,Sandur Basin (Karnataka),15.04251,76.26826,64.8,85.7,34.3,PRIORITY-3 (Tier C),0.348,39.1,21.5,268.0,6.9,3.642,1.992,7.0
Zone-M405,Bhandara-Nagpur Corridor (MH),20.87332,79.49813,64.7,93.2,31.5,PRIORITY-3 (Tier C),0.189,28.8,37.1,493.8,21.4,3.012,1.718,11.4
Zone-M499,Sandur Basin (Karnataka),14.96812,77.19692,64.7,89.9,32.0,PRIORITY-3 (Tier C),0.426,37.0,27.5,461.6,5.3,3.842,1.74,7.1
Zone-M407,Sandur Basin (Karnataka),15.44074,76.661,64.5,91.9,32.3,PRIORITY-3 (Tier C),0.393,39.0,26.1,652.8,6.5,3.638,2.656,3.1
Zone-M483,Sandur Basin (Karnataka),15.83346,76.53581,64.5,92.7,33.6,PRIORITY-3 (Tier C),0.29,41.9,39.5,390.6,19.4,2.158,1.777,5.4
Zone-M195,Sandur Basin (Karnataka),14.74165,76.7475,64.4,84.4,30.2,PRIORITY-3 (Tier C),0.205,34.5,49.7,554.5,18.9,2.694,1.719,5.7
Zone-M224,Balaghat Belt (MP),22.14234,79.58604,64.1,85.6,28.8,PRIORITY-3 (Tier C),0.413,34.3,22.8,389.2,12.3,3.538,2.3,11.0
Zone-M415,Sandur Basin (Karnataka),15.11312,76.7276,64.1,88.9,28.4,PRIORITY-3 (Tier C),0.198,29.4,22.2,586.9,17.6,2.949,1.913,13.0
Zone-M299,Sandur Basin (Karnataka),15.08114,75.98079,64.1,87.4,30.1,PRIORITY-3 (Tier C),0.386,34.4,36.9,419.1,4.9,2.148,1.868,3.6
Zone-M293,Bhandara-Nagpur Corridor (MH),20.6519,79.1738,64.0,89.1,35.5,PRIORITY-3 (Tier C),0.295,36.3,15.4,433.5,23.3,2.89,2.216,4.9
Zone-M206,Keonjhar-Bonai Belt (Odisha),21.67212,85.30623,63.7,89.0,33.1,PRIORITY-3 (Tier C),0.35,33.4,32.9,329.3,11.5,2.277,1.31,8.8
Zone-M479,Sandur Basin (Karnataka),15.05065,76.16222,63.6,84.3,26.6,PRIORITY-3 (Tier C),0.379,28.1,45.5,630.9,12.7,2.925,1.915,5.9
Zone-M391,Sandur Basin (Karnataka),15.26559,76.08931,63.5,84.7,28.9,PRIORITY-3 (Tier C),0.163,36.5,49.0,240.7,18.7,2.517,1.918,13.1
Zone-M185,Bhandara-Nagpur Corridor (MH),21.02385,79.72335,63.4,91.8,28.4,PRIORITY-3 (Tier C),0.135,40.2,53.9,665.7,19.0,2.073,2.337,1.1
Zone-M441,Bhandara-Nagpur Corridor (MH),20.97188,80.08255,63.4,86.9,31.7,PRIORITY-3 (Tier C),0.143,30.6,37.2,354.0,12.3,2.591,2.514,12.7
Zone-M511,Sandur Basin (Karnataka),15.11966,76.50985,63.3,84.8,28.5,PRIORITY-3 (Tier C),0.208,40.8,40.3,551.7,9.1,3.311,1.242,5.8
Zone-M103,Sandur Basin (Karnataka),14.77353,76.49339,63.2,95.4,30.1,PRIORITY-3 (Tier C),0.205,37.3,27.5,459.2,14.9,2.188,2.654,11.0
Zone-M452,Balaghat Belt (MP),21.78757,80.39452,63.1,95.4,30.4,PRIORITY-3 (Tier C),0.308,38.7,47.5,377.3,12.7,3.582,1.745,11.3
Zone-M267,Sandur Basin (Karnataka),15.12346,76.33483,62.9,88.8,29.3,PRIORITY-3 (Tier C),0.271,33.2,19.8,412.7,19.0,1.949,1.32,5.5
Zone-M543,Sandur Basin (Karnataka),15.30487,76.48912,62.7,95.8,29.4,PRIORITY-3 (Tier C),0.205,32.7,31.1,243.6,13.9,2.059,1.801,5.4
Zone-M327,Sandur Basin (Karnataka),14.77766,76.15902,62.6,90.7,32.9,PRIORITY-3 (Tier C),0.238,33.0,48.1,583.1,10.2,3.719,2.629,5.1
Zone-M455,Sandur Basin (Karnataka),15.09793,76.88233,62.1,89.6,27.9,PRIORITY-3 (Tier C),0.161,30.9,15.0,238.1,23.5,2.309,2.195,11.9
Zone-M538,Keonjhar-Bonai Belt (Odisha),22.01454,85.5479,62.1,85.9,29.4,PRIORITY-3 (Tier C),0.214,33.3,45.3,468.2,5.5,1.838,1.353,6.2
Zone-M168,Balaghat Belt (MP),22.39292,80.58575,62.0,90.5,32.0,PRIORITY-3 (Tier C),0.135,30.3,44.5,258.1,16.1,2.315,1.784,4.6
Zone-M436,Balaghat Belt (MP),22.15845,80.86127,61.9,93.8,32.9,PRIORITY-3 (Tier C),0.185,39.5,40.9,412.7,13.2,2.339,2.328,7.6
Zone-M537,Bhandara-Nagpur Corridor (MH),21.35767,79.56648,61.8,92.8,28.8,PRIORITY-3 (Tier C),0.337,41.8,25.6,529.1,5.0,2.039,1.206,14.0
Zone-M165,Bhandara-Nagpur Corridor (MH),20.60567,80.39117,61.7,88.7,30.9,PRIORITY-3 (Tier C),0.315,31.8,40.0,408.3,15.0,2.716,1.642,13.3
Zone-M285,Bhandara-Nagpur Corridor (MH),21.05091,79.91601,61.6,92.0,29.6,PRIORITY-3 (Tier C),0.443,36.4,29.3,518.0,6.5,3.666,1.955,6.7
Zone-M187,Sandur Basin (Karnataka),15.41656,77.00869,61.6,95.8,31.5,PRIORITY-3 (Tier C),0.259,36.9,30.9,346.1,23.7,2.66,2.541,3.8
Zone-M223,Sandur Basin (Karnataka),14.8734,76.52807,61.3,85.5,30.0,PRIORITY-3 (Tier C),0.22,29.4,42.7,248.7,14.2,3.893,2.421,8.9
Zone-M153,Bhandara-Nagpur Corridor (MH),21.05996,80.19644,61.3,87.8,33.5,PRIORITY-3 (Tier C),0.367,35.0,24.3,633.8,11.7,2.941,2.56,9.0
Zone-M365,Bhandara-Nagpur Corridor (MH),21.4572,80.08612,61.2,85.0,31.6,PRIORITY-3 (Tier C),0.266,31.7,28.7,603.9,22.7,2.19,1.759,13.1
Zone-M443,Sandur Basin (Karnataka),15.2255,76.38626,61.0,95.9,28.9,PRIORITY-3 (Tier C),0.201,40.0,21.8,612.8,4.3,2.875,2.354,13.1
Zone-M251,Sandur Basin (Karnataka),15.00034,76.7192,61.0,95.2,30.0,PRIORITY-3 (Tier C),0.336,30.1,32.6,503.0,5.7,3.653,2.405,7.5
Zone-M127,Sandur Basin (Karnataka),15.3455,76.38741,60.9,92.7,29.7,PRIORITY-3 (Tier C),0.328,40.3,44.4,589.6,9.6,2.173,2.326,11.5
Zone-M279,Sandur Basin (Karnataka),15.27194,76.29616,60.8,90.2,33.6,PRIORITY-3 (Tier C),0.311,40.1,54.2,407.5,20.6,3.406,2.06,13.4
Zone-M463,Sandur Basin (Karnataka),15.05001,75.99153,60.6,85.3,29.1,PRIORITY-3 (Tier C),0.396,31.4,22.8,452.3,19.4,1.93,2.065,2.4
Zone-M423,Sandur Basin (Karnataka),15.1233,76.83932,59.7,86.5,29.9,PRIORITY-3 (Tier C),0.201,32.3,37.2,490.5,12.5,3.092,1.322,2.0
Zone-M143,Sandur Basin (Karnataka),14.64977,76.48296,59.7,92.6,32.8,PRIORITY-3 (Tier C),0.133,39.2,40.1,257.6,21.5,3.734,1.292,4.5
Zone-M305,Bhandara-Nagpur Corridor (MH),21.59154,79.47973,59.4,86.6,34.9,PRIORITY-3 (Tier C),0.315,30.6,28.3,613.3,8.1,1.949,1.304,13.2
Zone-M241,Bhandara-Nagpur Corridor (MH),20.97111,79.974,59.4,95.8,28.0,PRIORITY-3 (Tier C),0.206,34.0,49.9,607.3,7.7,3.486,1.887,7.2
Zone-M487,Sandur Basin (Karnataka),14.60797,76.12262,59.4,88.0,32.1,PRIORITY-3 (Tier C),0.183,32.3,54.0,409.1,12.9,3.011,2.675,4.0
Zone-M347,Sandur Basin (Karnataka),15.41388,76.92718,59.3,86.0,26.6,PRIORITY-3 (Tier C),0.33,36.4,22.2,544.4,13.1,3.202,2.456,3.0
Zone-M351,Sandur Basin (Karnataka),14.88011,76.48781,59.2,89.9,29.5,PRIORITY-3 (Tier C),0.209,29.4,21.7,287.7,23.5,3.395,2.652,6.6
Zone-M162,Keonjhar-Bonai Belt (Odisha),21.63526,85.9016,59.1,89.0,26.1,PRIORITY-3 (Tier C),0.305,30.2,22.3,616.4,22.9,2.584,1.606,9.3
Zone-M462,Keonjhar-Bonai Belt (Odisha),20.82071,85.31138,58.9,95.5,28.6,PRIORITY-3 (Tier C),0.124,35.7,44.6,443.1,5.7,3.842,1.977,8.9
Zone-M502,Keonjhar-Bonai Belt (Odisha),21.99835,85.57209,58.5,90.8,29.3,PRIORITY-3 (Tier C),0.15,38.6,38.3,305.8,7.8,2.187,1.286,8.6
Zone-M480,Balaghat Belt (MP),22.19406,79.55374,58.4,87.5,26.7,PRIORITY-3 (Tier C),0.436,30.0,38.2,350.0,9.6,2.65,2.698,1.5
Zone-M339,Sandur Basin (Karnataka),14.89091,76.19718,58.3,89.3,29.1,PRIORITY-3 (Tier C),0.42,35.1,22.5,255.4,17.9,2.604,2.433,9.5
Zone-M269,Bhandara-Nagpur Corridor (MH),21.15867,79.33719,58.0,90.1,28.9,PRIORITY-3 (Tier C),0.31,28.6,19.9,477.0,10.9,3.331,2.178,12.0
Zone-M353,Bhandara-Nagpur Corridor (MH),21.42198,79.4903,57.9,91.0,27.9,PRIORITY-3 (Tier C),0.385,29.9,38.2,452.5,6.9,3.11,1.61,7.2
Zone-M493,Bhandara-Nagpur Corridor (MH),21.24376,80.60686,57.7,86.3,27.7,PRIORITY-3 (Tier C),0.286,32.5,25.3,433.4,6.7,3.748,2.502,10.1
Zone-M135,Sandur Basin (Karnataka),15.04672,76.89171,57.7,86.4,26.0,PRIORITY-3 (Tier C),0.273,32.9,38.3,255.8,23.5,3.871,2.247,7.9
Zone-M307,Sandur Basin (Karnataka),15.28707,75.65457,57.2,87.8,29.2,PRIORITY-3 (Tier C),0.196,28.0,44.2,664.7,8.5,3.192,2.313,12.0
Zone-M319,Sandur Basin (Karnataka),15.43697,76.90479,57.1,87.4,25.4,PRIORITY-3 (Tier C),0.317,40.1,52.9,268.7,7.1,3.784,2.305,12.5
Zone-M535,Sandur Basin (Karnataka),15.05024,76.68178,56.9,89.7,28.6,PRIORITY-3 (Tier C),0.371,30.9,43.4,229.7,12.4,3.429,1.708,8.2
Zone-M378,Keonjhar-Bonai Belt (Odisha),22.29024,85.35614,56.7,95.4,29.1,PRIORITY-3 (Tier C),0.203,39.8,34.4,456.5,10.2,3.003,1.688,1.3
Zone-M403,Sandur Basin (Karnataka),15.02558,76.37698,56.5,92.2,26.9,PRIORITY-3 (Tier C),0.449,34.3,29.2,404.3,6.3,3.655,1.822,5.9
Zone-M171,Sandur Basin (Karnataka),14.75367,76.87532,56.2,85.1,24.6,PRIORITY-3 (Tier C),0.423,29.9,53.0,425.2,7.7,2.938,2.509,10.5
Zone-M167,Sandur Basin (Karnataka),14.69347,76.58529,55.1,90.9,25.2,PRIORITY-3 (Tier C),0.335,39.6,23.3,225.1,6.7,3.69,2.511,8.7
Zone-M355,Sandur Basin (Karnataka),15.44716,76.59789,55.1,90.1,27.2,PRIORITY-3 (Tier C),0.365,34.9,34.3,605.6,11.2,3.606,1.81,5.1
Zone-M360,Balaghat Belt (MP),21.91227,80.10507,54.9,93.5,30.2,PRIORITY-3 (Tier C),0.171,34.8,32.2,494.6,24.0,3.416,1.797,11.7
Zone-M507,Sandur Basin (Karnataka),15.14874,76.53434,54.3,88.4,27.9,PRIORITY-3 (Tier C),0.306,31.5,51.6,342.2,21.9,2.017,2.185,12.8
Zone-M459,Sandur Basin (Karnataka),15.17997,76.60945,53.1,84.7,24.9,PRIORITY-3 (Tier C),0.36,29.7,27.1,464.9,15.3,3.061,1.449,5.8
Zone-M395,Sandur Basin (Karnataka),15.42951,76.11404,52.5,85.7,23.6,PRIORITY-3 (Tier C),0.151,39.6,51.7,518.9,6.1,2.644,2.293,11.1
Zone-M375,Sandur Basin (Karnataka),15.01506,76.3294,52.2,94.4,22.7,PRIORITY-3 (Tier C),0.389,36.6,29.9,337.5,6.1,2.545,1.82,9.7
Zone-M447,Sandur Basin (Karnataka),15.1637,76.85164,52.0,91.9,26.9,PRIORITY-3 (Tier C),0.237,30.1,38.9,594.6,11.6,2.078,1.495,3.9
Zone-M435,Sandur Basin (Karnataka),15.06172,76.62752,50.3,90.5,26.3,PRIORITY-3 (Tier C),0.265,40.3,35.2,453.6,6.8,3.864,1.575,1.8
Zone-M199,Sandur Basin (Karnataka),14.61323,76.45466,49.5,94.4,23.1,PRIORITY-3 (Tier C),0.262,31.5,39.7,545.1,7.3,2.152,1.255,10.5
Zone-M491,Sandur Basin (Karnataka),14.96108,76.49086,48.3,92.7,24.8,PRIORITY-3 (Tier C),0.373,32.3,47.5,355.2,12.9,3.327,2.239,13.8
Zone-M151,Sandur Basin (Karnataka),14.863,77.40185,47.4,95.6,24.5,PRIORITY-3 (Tier C),0.394,41.5,20.0,556.2,22.8,2.181,1.3,10.6
Zone-M283,Sandur Basin (Karnataka),14.83393,76.54159,46.2,84.8,25.1,PRIORITY-3 (Tier C),0.235,29.6,47.3,655.9,5.4,3.806,1.984,4.8
Zone-M367,Sandur Basin (Karnataka),15.27063,76.1589,45.9,95.1,24.8,PRIORITY-3 (Tier C),0.416,40.7,27.6,537.9,9.4,2.2,1.477,5.3
Zone-M207,Sandur Basin (Karnataka),15.4069,77.08689,44.3,94.8,22.4,PRIORITY-3 (Tier C),0.291,34.7,16.0,377.0,11.6,2.638,2.07,7.8
Zone-M181,Bhandara-Nagpur Corridor (MH),21.36232,79.20445,40.3,91.4,20.8,PRIORITY-3 (Tier C),0.392,32.9,42.1,480.2,9.3,3.645,2.396,9.5
